Date,Days_After_Sowing,NDVI_Interpolated,NDVI_Lower_CI,NDVI_Upper_CI,FVC_Interpolated,FVC_Lower_CI,FVC_Upper_CI,Ground_Cover_Percentage,Ground_Cover_Lower_CI,Ground_Cover_Upper_CI,Growth_Stage,Sowing_Date,Harvest_Date
2023-10-03,0,0.05164674046330779,0.0,1.0,0.0,0.0,1.0,0.0,0.0,100.0,Sowing,2023-10-03,2024-07-30
2023-10-04,1,0.051854613612621094,0.0,1.0,0.0,0.0,1.0,0.0,0.0,100.0,Sowing,2023-10-03,2024-07-30
2023-10-05,2,0.05223854723674028,0.0,1.0,0.0,0.0,1.0,0.0,0.0,100.0,Sowing,2023-10-03,2024-07-30
2023-10-06,3,0.05276981545171491,0.0,1.0,0.0,0.0,1.0,0.0,0.0,100.0,Sowing,2023-10-03,2024-07-30
2023-10-07,4,0.053446510617812984,0.0,1.0,0.0,0.0,1.0,0.0,0.0,100.0,Sowing,2023-10-03,2024-07-30
2023-10-08,5,0.054287936433027185,0.0,1.0,0.0,0.0,1.0,0.0,0.0,100.0,Sowing,2023-10-03,2024-07-30
2023-10-09,6,0.055305556234664266,0.0,1.0,0.0,0.0,1.0,0.0,0.0,100.0,Sowing,2023-10-03,2024-07-30
2023-10-10,7,0.056442964267135416,0.0,1.0,0.0,0.0,1.0,0.0,0.0,100.0,Sowing,2023-10-03,2024-07-30
2023-10-11,8,0.0575388860346892,0.0,1.0,0.0,0.0,1.0,0.0,0.0,100.0,Sowing,2023-10-03,2024-07-30
2023-10-12,9,0.05849731931574258,0.0,1.0,0.0,0.0,1.0,0.0,0.0,100.0,Sowing,2023-10-03,2024-07-30
2023-10-13,10,0.059575974494255855,0.0,1.0,0.0,0.0,1.0,0.0,0.0,100.0,Emergence,2023-10-03,2024-07-30
2023-10-14,11,0.061228769291870655,0.0,1.0,0.0,0.0,1.0,0.0,0.0,100.0,Emergence,2023-10-03,2024-07-30
2023-10-15,12,0.06358426096900055,0.0,1.0,0.0,0.0,1.0,0.0,0.0,100.0,Emergence,2023-10-03,2024-07-30
2023-10-16,13,0.06638562932173142,0.0,1.0,0.0,0.0,1.0,0.0,0.0,100.0,Emergence,2023-10-03,2024-07-30
2023-10-17,14,0.0693538614197349,0.0,1.0,0.0,0.0,1.0,0.0,0.0,100.0,Emergence,2023-10-03,2024-07-30
2023-10-18,15,0.07236216592764672,0.0,1.0,0.0,0.0,1.0,0.0,0.0,100.0,Emergence,2023-10-03,2024-07-30
2023-10-19,16,0.07537875005584875,0.0,1.0,0.0,0.0,1.0,0.0,0.0,100.0,Emergence,2023-10-03,2024-07-30
2023-10-20,17,0.07839892468099412,0.0,1.0,0.0,0.0,1.0,0.0,0.0,100.0,Emergence,2023-10-03,2024-07-30
2023-10-21,18,0.08142225908278061,0.0,1.0,0.0,0.0,1.0,0.0,0.0,100.0,Emergence,2023-10-03,2024-07-30
2023-10-22,19,0.08444881180672718,0.0,1.0,0.0,0.0,1.0,0.0,0.0,100.0,Emergence,2023-10-03,2024-07-30
2023-10-23,20,0.087478642375504,0.0,1.0,0.0,0.0,1.0,0.0,0.0,100.0,Emergence,2023-10-03,2024-07-30
2023-10-24,21,0.09051181130088971,0.0,1.0,0.0,0.0,1.0,0.0,0.0,100.0,Emergence,2023-10-03,2024-07-30
2023-10-25,22,0.09354838009568815,0.0,1.0,0.0,0.0,1.0,0.0,0.0,100.0,Emergence,2023-10-03,2024-07-30
2023-10-26,23,0.09658841128559428,0.0,1.0,0.0,0.0,1.0,0.0,0.0,100.0,Emergence,2023-10-03,2024-07-30
2023-10-27,24,0.09963196842099853,0.0,1.0,0.0,0.0,1.0,0.0,0.0,100.0,Emergence,2023-10-03,2024-07-30
2023-10-28,25,0.1026791160887184,0.0,1.0,0.0,0.0,1.0,0.0,0.0,100.0,Emergence,2023-10-03,2024-07-30
2023-10-29,26,0.10572991992364539,0.0,1.0,0.0,0.0,1.0,0.0,0.0,100.0,Emergence,2023-10-03,2024-07-30
2023-10-30,27,0.1087844466202951,0.0,1.0,0.0,0.0,1.0,0.0,0.0,100.0,Emergence,2023-10-03,2024-07-30
2023-10-31,28,0.11184276394424753,0.0,1.0,0.0,0.0,1.0,0.0,0.0,100.0,Emergence,2023-10-03,2024-07-30
2023-11-01,29,0.11490494074346443,0.0,1.0,0.0,0.0,1.0,0.0,0.0,100.0,Emergence,2023-10-03,2024-07-30
2023-11-02,30,0.11797104695946936,0.0,1.0,0.0,0.0,1.0,0.0,0.0,100.0,Emergence,2023-10-03,2024-07-30
2023-11-03,31,0.12104115363837652,0.0,1.0,0.0,0.0,1.0,0.0,0.0,100.0,Emergence,2023-10-03,2024-07-30
2023-11-04,32,0.12411533294175223,0.0,1.0,0.0,0.0,1.0,0.0,0.0,100.0,Emergence,2023-10-03,2024-07-30
2023-11-05,33,0.12719365815729466,0.0,1.0,0.0,0.0,1.0,0.0,0.0,100.0,Emergence,2023-10-03,2024-07-30
2023-11-06,34,0.13027620370931392,0.0,1.0,0.0,0.0,1.0,0.0,0.0,100.0,Emergence,2023-10-03,2024-07-30
2023-11-07,35,0.13336304516899677,0.0,1.0,0.0,0.0,1.0,0.0,0.0,100.0,Emergence,2023-10-03,2024-07-30
2023-11-08,36,0.13645425926443727,0.0,1.0,0.0,0.0,1.0,0.0,0.0,100.0,Emergence,2023-10-03,2024-07-30
2023-11-09,37,0.13954992389041568,0.0,1.0,0.0,0.0,1.0,0.0,0.0,100.0,Emergence,2023-10-03,2024-07-30
2023-11-10,38,0.142650118117906,0.0,1.0,0.0,0.0,1.0,0.0,0.0,100.0,Emergence,2023-10-03,2024-07-30
2023-11-11,39,0.14575693741956136,0.0,1.0,0.0,0.0,1.0,0.0,0.0,100.0,Emergence,2023-10-03,2024-07-30
2023-11-12,40,0.1488896055281975,0.0,1.0,0.0,0.0,1.0,0.0,0.0,100.0,Emergence,2023-10-03,2024-07-30
2023-11-13,41,0.15217483775957544,0.0,1.0,0.0031069110851077763,0.0,1.0,0.31069110851077764,0.0,100.0,Emergence,2023-10-03,2024-07-30
2023-11-14,42,0.15610198538446354,0.0,1.0,0.008717121977805069,0.0,1.0,0.8717121977805069,0.0,100.0,Emergence,2023-10-03,2024-07-30
2023-11-15,43,0.16167018956036128,0.0,1.0,0.016671699371944692,0.0,1.0,1.6671699371944693,0.0,100.0,Emergence,2023-10-03,2024-07-30
2023-11-16,44,0.16952155234653576,0.0,1.0,0.02788793192362253,0.0,1.0,2.788793192362253,0.0,100.0,Emergence,2023-10-03,2024-07-30
2023-11-17,45,0.17845335016512703,0.0,1.0,0.04064764309303863,0.0,1.0,4.064764309303863,0.0,100.0,Tillering,2023-10-03,2024-07-30
2023-11-18,46,0.18604117847650908,0.0,1.0,0.05148739782358441,0.0,1.0,5.148739782358441,0.0,100.0,Tillering,2023-10-03,2024-07-30
2023-11-19,47,0.19117157962652323,0.0,1.0,0.05881654232360463,0.0,1.0,5.881654232360463,0.0,100.0,Tillering,2023-10-03,2024-07-30
2023-11-20,48,0.1945875180865396,0.0,1.0,0.0636964544093423,0.0,1.0,6.36964544093423,0.0,100.0,Tillering,2023-10-03,2024-07-30
2023-11-21,49,0.1973461189120459,0.0,1.0,0.06763731273149415,0.0,1.0,6.763731273149415,0.0,100.0,Tillering,2023-10-03,2024-07-30
2023-11-22,50,0.19995665753898018,0.0,1.0,0.07136665362711454,0.0,1.0,7.1366653627114545,0.0,100.0,Tillering,2023-10-03,2024-07-30
2023-11-23,51,0.20255012531852473,0.0,1.0,0.07507160759789248,0.0,1.0,7.507160759789248,0.0,100.0,Tillering,2023-10-03,2024-07-30
2023-11-24,52,0.20514633085409759,0.0,1.0,0.07878047264871085,0.0,1.0,7.8780472648710855,0.0,100.0,Tillering,2023-10-03,2024-07-30
2023-11-25,53,0.20774742155159753,0.0,1.0,0.0824963165022822,0.0,1.0,8.24963165022822,0.0,100.0,Tillering,2023-10-03,2024-07-30
2023-11-26,54,0.21035347980795485,0.00326666666666664,1.0,0.08621925686850694,0.0,1.0,8.621925686850695,0.0,100.0,Tillering,2023-10-03,2024-07-30
2023-11-27,55,0.21296458908191773,0.008333333333333304,1.0,0.0899494129741682,0.0,1.0,8.994941297416819,0.0,100.0,Tillering,2023-10-03,2024-07-30
2023-11-28,56,0.21558083389445698,0.013399999999999967,1.0,0.09368690556350999,0.0,1.0,9.368690556350998,0.0,100.0,Tillering,2023-10-03,2024-07-30
2023-11-29,57,0.21820229982851697,0.01846666666666663,1.0,0.09743185689788139,0.0,1.0,9.74318568978814,0.0,100.0,Tillering,2023-10-03,2024-07-30
2023-11-30,58,0.22082907352808354,0.023533333333333295,1.0,0.10118439075440507,0.0,1.0,10.118439075440506,0.0,100.0,Tillering,2023-10-03,2024-07-30
2023-12-01,59,0.2234612426965383,0.02859999999999996,1.0,0.10494463242362616,0.0,1.0,10.494463242362615,0.0,100.0,Tillering,2023-10-03,2024-07-30
2023-12-02,60,0.22609889609426786,0.03366666666666662,1.0,0.10871270870609696,0.0,1.0,10.871270870609697,0.0,100.0,Tillering,2023-10-03,2024-07-30
2023-12-03,61,0.22874212353549644,0.038733333333333286,1.0,0.11248874790785209,0.0,1.0,11.248874790785209,0.0,100.0,Tillering,2023-10-03,2024-07-30
2023-12-04,62,0.2313910158843089,0.04379999999999995,1.0,0.11627287983472703,0.0,1.0,11.627287983472703,0.0,100.0,Tillering,2023-10-03,2024-07-30
2023-12-05,63,0.2340456650498305,0.048866666666666614,1.0,0.12006523578547214,0.0,1.0,12.006523578547213,0.0,100.0,Tillering,2023-10-03,2024-07-30
2023-12-06,64,0.23670616398052996,0.05393333333333328,1.0,0.12386594854361424,0.0,1.0,12.386594854361425,0.0,100.0,Tillering,2023-10-03,2024-07-30
2023-12-07,65,0.2393726066576102,0.05899999999999994,1.0,0.1276751523680146,0.0,1.0,12.76751523680146,0.0,100.0,Tillering,2023-10-03,2024-07-30
2023-12-08,66,0.24204508808745165,0.0640666666666666,1.0,0.1314929829820738,0.0,1.0,13.149298298207379,0.0,100.0,Tillering,2023-10-03,2024-07-30
2023-12-09,67,0.24472370429307133,0.06913333333333327,1.0,0.13531957756153049,0.0,1.0,13.531957756153048,0.0,100.0,Tillering,2023-10-03,2024-07-30
2023-12-10,68,0.24740855230456163,0.07419999999999999,1.0,0.13915507472080235,0.0,1.0,13.915507472080236,0.0,100.0,Tillering,2023-10-03,2024-07-30
2023-12-11,69,0.2500997301484703,0.07926666666666665,1.0,0.14299961449781476,0.0,1.0,14.299961449781476,0.0,100.0,Tillering,2023-10-03,2024-07-30
2023-12-12,70,0.2527973368360837,0.08433333333333332,1.0,0.1468533383372624,0.0,1.0,14.685333833726242,0.0,100.0,Tillering,2023-10-03,2024-07-30
2023-12-13,71,0.2555014723505751,0.08939999999999998,1.0,0.15071638907225013,0.0,1.0,15.071638907225013,0.0,100.0,Tillering,2023-10-03,2024-07-30
2023-12-14,72,0.25821223763297774,0.09446666666666664,1.0,0.15458891090425392,0.0,1.0,15.458891090425391,0.0,100.0,Tillering,2023-10-03,2024-07-30
2023-12-15,73,0.26092973456694296,0.09953333333333331,1.0,0.1584710493813471,0.0,1.0,15.84710493813471,0.0,100.0,Tillering,2023-10-03,2024-07-30
2023-12-16,74,0.2636540659622434,0.10459999999999997,1.0,0.16236295137463344,0.0,1.0,16.236295137463344,0.0,100.0,Tillering,2023-10-03,2024-07-30
2023-12-17,75,0.2663853355369799,0.10966666666666663,1.0,0.16626476505282844,0.0,1.0,16.626476505282845,0.0,100.0,Tillering,2023-10-03,2024-07-30
2023-12-18,76,0.2691236478984507,0.1147333333333333,1.0,0.17017663985492962,0.0,1.0,17.017663985492963,0.0,100.0,Tillering,2023-10-03,2024-07-30
2023-12-19,77,0.27186910852264173,0.11979999999999996,1.0,0.1740987264609168,0.0,1.0,17.409872646091678,0.0,100.0,Tillering,2023-10-03,2024-07-30
2023-12-20,78,0.27462182373229493,0.12486666666666663,1.0,0.17803117676042135,0.0,1.0,17.803117676042135,0.0,100.0,Tillering,2023-10-03,2024-07-30
2023-12-21,79,0.2773819006735133,0.1299333333333333,1.0,0.18197414381930477,0.0,1.0,18.19741438193048,0.0,100.0,Tillering,2023-10-03,2024-07-30
2023-12-22,80,0.2801494472908598,0.13499999999999995,1.0,0.18592778184408543,0.0,1.0,18.592778184408544,0.0,100.0,Tillering,2023-10-03,2024-07-30
2023-12-23,81,0.28292457230090623,0.14006666666666662,1.0,0.1898922461441518,0.0,1.0,18.98922461441518,0.0,100.0,Tillering,2023-10-03,2024-07-30
2023-12-24,82,0.28570738516419125,0.14513333333333328,1.0,0.19386769309170182,0.0,1.0,19.386769309170184,0.0,100.0,Tillering,2023-10-03,2024-07-30
2023-12-25,83,0.28849799605554255,0.1502,1.0,0.19785428007934652,0.0002857142857142939,1.0,19.78542800793465,0.028571428571429393,100.0,Tillering,2023-10-03,2024-07-30
2023-12-26,84,0.291296515832722,0.15526666666666666,1.0,0.20185216547531715,0.007523809523809528,1.0,20.185216547531716,0.7523809523809528,100.0,Tillering,2023-10-03,2024-07-30
2023-12-27,85,0.2941030560033493,0.16033333333333333,1.0,0.2058615085762133,0.014761904761904763,1.0,20.58615085762133,1.4761904761904763,100.0,Tillering,2023-10-03,2024-07-30
2023-12-28,86,0.29691772869006383,0.1654,1.0,0.20988246955723405,0.022,1.0,20.988246955723405,2.1999999999999997,100.0,Tillering,2023-10-03,2024-07-30
2023-12-29,87,0.29974064659388,0.17046666666666666,1.0,0.21391520941982858,0.029238095238095233,1.0,21.391520941982858,2.923809523809523,100.0,Tillering,2023-10-03,2024-07-30
2023-12-30,88,0.30257192295569546,0.17553333333333332,1.0,0.2179598899367078,0.03647619047619047,1.0,21.795988993670782,3.6476190476190467,100.0,Tillering,2023-10-03,2024-07-30
2023-12-31,89,0.3054116715159114,0.18059999999999998,1.0,0.2220166735941592,0.0437142857142857,1.0,22.201667359415918,4.37142857142857,100.0,Tillering,2023-10-03,2024-07-30
2024-01-01,90,0.30826000647212204,0.18566666666666665,1.0,0.22608572353160294,0.050952380952380937,1.0,22.608572353160294,5.095238095238094,100.0,Tillering,2023-10-03,2024-07-30
2024-01-02,91,0.31111704243483557,0.1907333333333333,1.0,0.23016720347833655,0.05819047619047617,1.0,23.016720347833655,5.819047619047617,100.0,Tillering,2023-10-03,2024-07-30
2024-01-03,92,0.3139828943811854,0.19579999999999997,1.0,0.2342612776874077,0.0654285714285714,1.0,23.42612776874077,6.542857142857141,100.0,Tillering,2023-10-03,2024-07-30
2024-01-04,93,0.31685767760659356,0.20086666666666664,1.0,0.23836811086656226,0.07266666666666664,1.0,23.836811086656226,7.266666666666664,100.0,Tillering,2023-10-03,2024-07-30
2024-01-05,94,0.3197415076743501,0.2059333333333333,1.0,0.24248786810621448,0.07990476190476187,1.0,24.248786810621446,7.990476190476187,100.0,Tillering,2023-10-03,2024-07-30
2024-01-06,95,0.3226345003630708,0.21099999999999997,1.0,0.24662071480438685,0.0871428571428571,1.0,24.662071480438684,8.71428571428571,100.0,Tillering,2023-10-03,2024-07-30
2024-01-07,96,0.3255367716119984,0.21606666666666663,1.0,0.25076681658856914,0.09438095238095234,1.0,25.076681658856913,9.438095238095235,100.0,Tillering,2023-10-03,2024-07-30
2024-01-08,97,0.32844843746411545,0.2211333333333333,1.0,0.2549263392344507,0.10161904761904758,1.0,25.49263392344507,10.161904761904758,100.0,Tillering,2023-10-03,2024-07-30
2024-01-09,98,0.3313696140070348,0.22619999999999996,1.0,0.2590994485814783,0.1088571428571428,1.0,25.90994485814783,10.88571428571428,100.0,Tillering,2023-10-03,2024-07-30
2024-01-10,99,0.3343004173116389,0.23126666666666662,1.0,0.26328631044519846,0.11609523809523804,1.0,26.328631044519845,11.609523809523804,100.0,Tillering,2023-10-03,2024-07-30
2024-01-11,100,0.33724123541018275,0.23633333333333334,1.0,0.26748747915740395,0.12333333333333336,1.0,26.748747915740395,12.333333333333336,100.0,Tillering,2023-10-03,2024-07-30
2024-01-12,101,0.3401947883895121,0.2414,1.0,0.2717068405564459,0.1305714285714286,1.0,27.17068405564459,13.057142857142859,100.0,Tillering,2023-10-03,2024-07-30
2024-01-13,102,0.343178499125361,0.24646666666666667,1.0,0.2759692844648015,0.13780952380952383,1.0,27.596928446480153,13.780952380952382,100.0,Tillering,2023-10-03,2024-07-30
2024-01-14,103,0.3462600209490944,0.25153333333333333,1.0,0.2803714584987063,0.14504761904761906,1.0,28.037145849870633,14.504761904761907,100.0,Tillering,2023-10-03,2024-07-30
2024-01-15,104,0.34958079443426254,0.2566,1.0,0.2851154206203751,0.1522857142857143,1.0,28.51154206203751,15.22857142857143,100.0,Tillering,2023-10-03,2024-07-30
2024-01-16,105,0.3532443830600015,0.26166666666666666,1.0,0.290349118657145,0.15952380952380954,1.0,29.034911865714502,15.952380952380954,100.0,Tillering,2023-10-03,2024-07-30
2024-01-17,106,0.35711258530440165,0.2667333333333333,1.0,0.29587512186343096,0.16676190476190478,1.0,29.587512186343094,16.676190476190477,100.0,Tillering,2023-10-03,2024-07-30
2024-01-18,107,0.3608714637359444,0.2718,1.0,0.30124494819420633,0.174,1.0,30.124494819420633,17.4,100.0,Tillering,2023-10-03,2024-07-30
2024-01-19,108,0.36436043485344244,0.27686666666666665,1.0,0.30622919264777493,0.18123809523809523,1.0,30.622919264777494,18.123809523809523,100.0,Tillering,2023-10-03,2024-07-30
2024-01-20,109,0.3676577827227702,0.2819333333333333,1.0,0.31093968960395746,0.18847619047619046,1.0,31.093968960395745,18.847619047619048,100.0,Tillering,2023-10-03,2024-07-30
2024-01-21,110,0.37089042887147766,0.287,1.0,0.3155577555306824,0.1957142857142857,1.0,31.555775553068237,19.57142857142857,100.0,Tillering,2023-10-03,2024-07-30
2024-01-22,111,0.37412104495080706,0.29206666666666664,1.0,0.32017292135829584,0.20295238095238094,1.0,32.017292135829585,20.295238095238094,100.0,Tillering,2023-10-03,2024-07-30
2024-01-23,112,0.3773659754558663,0.29713333333333336,1.0,0.3248085363655233,0.21019047619047626,1.0,32.48085363655233,21.019047619047626,100.0,Tillering,2023-10-03,2024-07-30
2024-01-24,113,0.38062775862824627,0.3022,1.0,0.32946822661178043,0.21742857142857147,1.0,32.94682266117805,21.742857142857147,100.0,Tillering,2023-10-03,2024-07-30
2024-01-25,114,0.3839109741724533,0.3072666666666667,1.0,0.33415853453207617,0.2246666666666667,1.0,33.41585345320762,22.466666666666672,100.0,Tillering,2023-10-03,2024-07-30
2024-01-26,115,0.3872562378948784,0.31233333333333335,1.0,0.33893748270696916,0.23190476190476195,1.0,33.89374827069692,23.190476190476193,100.0,Tillering,2023-10-03,2024-07-30
2024-01-27,116,0.3909321887380301,0.3174,1.0,0.34418884105432873,0.23914285714285718,1.0,34.41888410543287,23.914285714285718,100.0,Tillering,2023-10-03,2024-07-30
2024-01-28,117,0.3959770919738807,0.3224666666666667,1.0,0.35139584567697246,0.24638095238095242,1.0,35.13958456769725,24.638095238095243,100.0,Tillering,2023-10-03,2024-07-30
2024-01-29,118,0.40451243613439375,0.32753333333333334,1.0,0.36358919447770544,0.25361904761904763,1.0,36.358919447770546,25.361904761904764,100.0,Tillering,2023-10-03,2024-07-30
2024-01-30,119,0.41790642019889135,0.3326,1.0,0.38272345742698766,0.2608571428571429,1.0,38.27234574269877,26.08571428571429,100.0,Tillering,2023-10-03,2024-07-30
2024-01-31,120,0.4336167307004443,0.33766666666666667,1.0,0.40516675814349196,0.2680952380952381,1.0,40.5166758143492,26.80952380952381,100.0,Stem Elongation,2023-10-03,2024-07-30
2024-02-01,121,0.4465045225441397,0.34273333333333333,1.0,0.42357788934877105,0.2753333333333334,1.0,42.35778893487711,27.53333333333334,100.0,Stem Elongation,2023-10-03,2024-07-30
2024-02-02,122,0.4542012332428327,0.3478,1.0,0.43457319034690384,0.2825714285714286,1.0,43.457319034690386,28.25714285714286,100.0,Stem Elongation,2023-10-03,2024-07-30
2024-02-03,123,0.4582712318068444,0.35286666666666666,1.0,0.44038747400977785,0.28980952380952385,1.0,44.03874740097778,28.980952380952385,100.0,Stem Elongation,2023-10-03,2024-07-30
2024-02-04,124,0.4609484583583417,0.3579333333333333,1.0,0.44421208336905965,0.29704761904761906,1.0,44.42120833690596,29.704761904761906,100.0,Stem Elongation,2023-10-03,2024-07-30
2024-02-05,125,0.46330930286272326,0.363,1.0,0.44758471837531905,0.30428571428571427,1.0,44.75847183753191,30.428571428571427,100.0,Stem Elongation,2023-10-03,2024-07-30
2024-02-06,126,0.4656298684884742,0.36806666666666665,1.0,0.45089981212639174,0.31152380952380954,1.0,45.089981212639174,31.152380952380952,100.0,Stem Elongation,2023-10-03,2024-07-30
2024-02-07,127,0.46795086744923403,0.3731333333333333,1.0,0.45421552492747724,0.31876190476190475,1.0,45.42155249274772,31.876190476190473,100.0,Stem Elongation,2023-10-03,2024-07-30
2024-02-08,128,0.47027549513205574,0.3782,1.0,0.4575364216172226,0.326,1.0,45.753642161722254,32.6,100.0,Stem Elongation,2023-10-03,2024-07-30
2024-02-09,129,0.4726024207576401,0.38326666666666664,1.0,0.46086060108234306,0.3332380952380952,1.0,46.08606010823431,33.32380952380952,100.0,Stem Elongation,2023-10-03,2024-07-30
2024-02-10,130,0.4749304486676632,0.3883333333333333,1.0,0.46418635523951884,0.3404761904761905,1.0,46.418635523951885,34.04761904761905,100.0,Stem Elongation,2023-10-03,2024-07-30
2024-02-11,131,0.4772607991012238,0.39339999999999997,1.0,0.4675154272874627,0.3477142857142857,1.0,46.75154272874627,34.77142857142857,100.0,Stem Elongation,2023-10-03,2024-07-30
2024-02-12,132,0.4796108906423508,0.39846666666666664,1.0,0.47087270091764405,0.35495238095238096,1.0,47.0872700917644,35.49523809523809,100.0,Stem Elongation,2023-10-03,2024-07-30
2024-02-13,133,0.482054013651264,0.4035333333333333,1.0,0.47436287664466287,0.3621904761904761,1.0,47.436287664466285,36.219047619047615,100.0,Stem Elongation,2023-10-03,2024-07-30
2024-02-14,134,0.48474593313450937,0.4086,1.0,0.47820847590644205,0.36942857142857155,1.0,47.820847590644206,36.94285714285716,100.0,Stem Elongation,2023-10-03,2024-07-30
2024-02-15,135,0.4878010420794845,0.4136666666666667,1.0,0.48257291725640644,0.37666666666666676,1.0,48.25729172564064,37.66666666666668,100.0,Stem Elongation,2023-10-03,2024-07-30
2024-02-16,136,0.4910650250037637,0.41873333333333335,1.0,0.4872357500053767,0.38390476190476197,1.0,48.72357500053767,38.3904761904762,100.0,Stem Elongation,2023-10-03,2024-07-30
2024-02-17,137,0.4941867768668476,0.4238,1.0,0.49169539552406805,0.39114285714285724,1.0,49.1695395524068,39.11428571428572,100.0,Stem Elongation,2023-10-03,2024-07-30
2024-02-18,138,0.4969837059771945,0.4288666666666667,1.0,0.49569100853884934,0.39838095238095245,1.0,49.56910085388493,39.83809523809524,100.0,Stem Elongation,2023-10-03,2024-07-30
2024-02-19,139,0.49953785347046264,0.43393333333333334,1.0,0.4993397906720895,0.4056190476190477,1.0,49.93397906720895,40.56190476190477,100.0,Stem Elongation,2023-10-03,2024-07-30
2024-02-20,140,0.501985493390609,0.439,1.0,0.5028364191294415,0.4128571428571429,1.0,50.283641912944155,41.28571428571429,100.0,Stem Elongation,2023-10-03,2024-07-30
2024-02-21,141,0.50439172112128,0.44406666666666667,1.0,0.5062738873161142,0.4200952380952382,1.0,50.627388731611425,42.00952380952382,100.0,Stem Elongation,2023-10-03,2024-07-30
2024-02-22,142,0.5067700228105597,0.44913333333333333,1.0,0.5096714611579425,0.4273333333333334,1.0,50.96714611579425,42.73333333333334,100.0,Stem Elongation,2023-10-03,2024-07-30
2024-02-23,143,0.5091181952755361,0.4542,1.0,0.5130259932507659,0.4345714285714286,1.0,51.30259932507659,43.45714285714286,100.0,Stem Elongation,2023-10-03,2024-07-30
2024-02-24,144,0.5114311263788373,0.45926666666666666,1.0,0.5163301805411961,0.4418095238095239,1.0,51.6330180541196,44.18095238095239,100.0,Stem Elongation,2023-10-03,2024-07-30
2024-02-25,145,0.5137029076649177,0.4643333333333333,1.0,0.5195755823784538,0.4490476190476191,1.0,51.95755823784538,44.904761904761905,100.0,Stem Elongation,2023-10-03,2024-07-30
2024-02-26,146,0.5159270874789447,0.46940000000000004,1.0,0.5227529821127781,0.45628571428571435,1.0,52.27529821127781,45.62857142857143,100.0,Stem Elongation,2023-10-03,2024-07-30
2024-02-27,147,0.5180966363621333,0.4744666666666667,1.0,0.5258523376601905,0.46352380952380956,1.0,52.585233766019044,46.352380952380955,100.0,Stem Elongation,2023-10-03,2024-07-30
2024-02-28,148,0.5202039123202382,0.47953333333333337,1.0,0.5288627318860546,0.4707619047619048,1.0,52.88627318860546,47.07619047619048,100.0,Stem Elongation,2023-10-03,2024-07-30
2024-02-29,149,0.5222401048932102,0.48460000000000003,1.0,0.5317715784188717,0.47800000000000004,1.0,53.177157841887166,47.800000000000004,100.0,Stem Elongation,2023-10-03,2024-07-30
2024-03-01,150,0.5241918995673183,0.4896666666666667,1.0,0.5345598565247404,0.4852380952380953,1.0,53.455985652474034,48.52380952380953,100.0,Stem Elongation,2023-10-03,2024-07-30
2024-03-02,151,0.526022755431107,0.49473333333333336,1.0,0.5371753649015815,0.4924761904761905,1.0,53.717536490158146,49.247619047619054,100.0,Stem Elongation,2023-10-03,2024-07-30
2024-03-03,152,0.5276352836876681,0.4998,1.0,0.5394789766966687,0.4997142857142857,1.0,53.947897669666865,49.971428571428575,100.0,Stem Elongation,2023-10-03,2024-07-30
2024-03-04,153,0.5289174713533671,0.5048666666666667,1.0,0.5413106733619529,0.5069523809523809,1.0,54.131067336195294,50.695238095238096,100.0,Stem Elongation,2023-10-03,2024-07-30
2024-03-05,154,0.530036852596664,0.5099333333333333,1.0,0.5429097894238057,0.5141904761904762,1.0,54.290978942380576,51.41904761904762,100.0,Stem Elongation,2023-10-03,2024-07-30
2024-03-06,155,0.5316041657017286,0.515,1.0,0.5451488081453266,0.5214285714285715,1.0,54.51488081453266,52.142857142857146,100.0,Stem Elongation,2023-10-03,2024-07-30
2024-03-07,156,0.534055232987018,0.517974358974359,1.0,0.5486503328385971,0.5256776556776557,1.0,54.86503328385971,52.56776556776557,100.0,Stem Elongation,2023-10-03,2024-07-30
2024-03-08,157,0.5370756259450664,0.520948717948718,1.0,0.5529651799215235,0.52992673992674,1.0,55.29651799215235,52.992673992674,100.0,Stem Elongation,2023-10-03,2024-07-30
2024-03-09,158,0.5401290325892295,0.5239230769230769,1.0,0.557327189413185,0.5341758241758242,1.0,55.7327189413185,53.41758241758242,100.0,Stem Elongation,2023-10-03,2024-07-30
2024-03-10,159,0.5430696980352127,0.5268974358974359,1.0,0.5615281400503038,0.5384249084249084,1.0,56.15281400503038,53.84249084249084,100.0,Stem Elongation,2023-10-03,2024-07-30
2024-03-11,160,0.5460019137348644,0.5298717948717949,1.0,0.5657170196212349,0.5426739926739927,1.0,56.57170196212349,54.26739926739928,100.0,Stem Elongation,2023-10-03,2024-07-30
2024-03-12,161,0.5490062107726927,0.5328461538461539,1.0,0.5700088725324182,0.546923076923077,1.0,57.000887253241814,54.69230769230769,100.0,Stem Elongation,2023-10-03,2024-07-30
2024-03-13,162,0.5521014290780549,0.5358205128205128,1.0,0.57443061296865,0.5511721611721612,1.0,57.443061296865,55.11721611721612,100.0,Stem Elongation,2023-10-03,2024-07-30
2024-03-14,163,0.5552842138354988,0.5387948717948718,1.0,0.5789774483364268,0.5554212454212455,1.0,57.89774483364268,55.54212454212455,100.0,Stem Elongation,2023-10-03,2024-07-30
2024-03-15,164,0.5585479203509581,0.5417692307692308,1.0,0.5836398862156544,0.5596703296703297,1.0,58.36398862156544,55.96703296703297,100.0,Stem Elongation,2023-10-03,2024-07-30
2024-03-16,165,0.561885874092022,0.5447435897435897,1.0,0.5884083915600313,0.5639194139194139,1.0,58.840839156003135,56.391941391941394,100.0,Stem Elongation,2023-10-03,2024-07-30
2024-03-17,166,0.5652918256353985,0.5477179487179488,1.0,0.5932740366219978,0.5681684981684982,1.0,59.327403662199785,56.816849816849825,100.0,Stem Elongation,2023-10-03,2024-07-30
2024-03-18,167,0.5687598863851536,0.5506923076923077,1.0,0.598228409121648,0.5724175824175824,1.0,59.8228409121648,57.24175824175825,100.0,Stem Elongation,2023-10-03,2024-07-30
2024-03-19,168,0.572284466190937,0.5536666666666666,1.0,0.6032635231299099,0.5766666666666667,1.0,60.32635231299099,57.666666666666664,100.0,Stem Elongation,2023-10-03,2024-07-30
2024-03-20,169,0.5758602124407414,0.5566410256410257,1.0,0.6083717320582019,0.580915750915751,1.0,60.83717320582019,58.091575091575095,100.0,Stem Elongation,2023-10-03,2024-07-30
2024-03-21,170,0.579481950209683,0.5596153846153846,1.0,0.6135456431566899,0.5851648351648352,1.0,61.354564315668995,58.51648351648352,100.0,Stem Elongation,2023-10-03,2024-07-30
2024-03-22,171,0.5831446230507787,0.5625897435897436,1.0,0.6187780329296839,0.5894139194139194,1.0,61.877803292968395,58.94139194139194,100.0,Stem Elongation,2023-10-03,2024-07-30
2024-03-23,172,0.5868432340157791,0.5655641025641026,1.0,0.6240617628796844,0.5936630036630037,1.0,62.40617628796844,59.36630036630037,100.0,Stem Elongation,2023-10-03,2024-07-30
2024-03-24,173,0.5905727864937721,0.5685384615384615,1.0,0.629389694991103,0.5979120879120879,1.0,62.9389694991103,59.791208791208796,100.0,Stem Elongation,2023-10-03,2024-07-30
2024-03-25,174,0.5943282244525311,0.5715128205128205,1.0,0.6347546063607588,0.6021611721611722,1.0,63.47546063607587,60.21611721611721,100.0,Stem Elongation,2023-10-03,2024-07-30
2024-03-26,175,0.5981043716623894,0.5744871794871795,1.0,0.640149102374842,0.6064102564102565,1.0,64.0149102374842,60.64102564102565,100.0,Stem Elongation,2023-10-03,2024-07-30
2024-03-27,176,0.601895869474786,0.5774615384615385,1.0,0.6455655278211229,0.6106593406593407,1.0,64.55655278211229,61.065934065934066,100.0,Stem Elongation,2023-10-03,2024-07-30
2024-03-28,177,0.6056973110816787,0.5804358974358974,1.0,0.6509961586881124,0.6149084249084249,1.0,65.09961586881124,61.49084249084249,100.0,Stem Elongation,2023-10-03,2024-07-30
2024-03-29,178,0.6095048661423791,0.5834102564102565,1.0,0.6564355230605415,0.6191575091575092,1.0,65.64355230605415,61.91575091575092,100.0,Stem Elongation,2023-10-03,2024-07-30
2024-03-30,179,0.6133287960046133,0.5863846153846154,1.0,0.6618982800065905,0.6234065934065934,1.0,66.18982800065905,62.34065934065934,100.0,Stem Elongation,2023-10-03,2024-07-30
2024-03-31,180,0.6172414460546043,0.5893589743589743,1.0,0.6674877800780061,0.6276556776556776,1.0,66.74877800780061,62.765567765567766,100.0,Stem Elongation,2023-10-03,2024-07-30
2024-04-01,181,0.6214961501706988,0.5923333333333334,1.0,0.673565928815284,0.631904761904762,1.0,67.3565928815284,63.1904761904762,100.0,Stem Elongation,2023-10-03,2024-07-30
2024-04-02,182,0.6266205921747102,0.5953076923076923,1.0,0.680886560249586,0.6361538461538462,1.0,68.08865602495861,63.61538461538462,100.0,Stem Elongation,2023-10-03,2024-07-30
2024-04-03,183,0.6330219551466434,0.5982820512820513,1.0,0.6900313644952049,0.6404029304029304,1.0,69.00313644952048,64.04029304029304,100.0,Stem Elongation,2023-10-03,2024-07-30
2024-04-04,184,0.6397426203300495,0.6012564102564103,1.0,0.6996323147572135,0.6446520146520147,1.0,69.96323147572136,64.46520146520147,100.0,Stem Elongation,2023-10-03,2024-07-30
2024-04-05,185,0.6441418505208873,0.6042307692307692,1.0,0.7059169293155534,0.6489010989010989,1.0,70.59169293155534,64.8901098901099,100.0,Stem Elongation,2023-10-03,2024-07-30
2024-04-06,186,0.644709466866872,0.6072051282051282,1.0,0.7067278098098172,0.6531501831501831,1.0,70.67278098098171,65.3150183150183,100.0,Stem Elongation,2023-10-03,2024-07-30
2024-04-07,187,0.6432151503577924,0.6101794871794872,1.0,0.7045930719397034,0.6573992673992675,1.0,70.45930719397035,65.73992673992674,100.0,Stem Elongation,2023-10-03,2024-07-30
2024-04-08,188,0.6421943603103432,0.6131538461538462,1.0,0.7031348004433474,0.6616483516483517,1.0,70.31348004433474,66.16483516483517,100.0,Stem Elongation,2023-10-03,2024-07-30
2024-04-09,189,0.642355371449783,0.6161282051282051,1.0,0.7033648163568329,0.6658974358974359,1.0,70.33648163568328,66.58974358974359,100.0,Stem Elongation,2023-10-03,2024-07-30
2024-04-10,190,0.6432570775270593,0.6191025641025641,1.0,0.704652967895799,0.6701465201465202,1.0,70.4652967895799,67.01465201465201,100.0,Stem Elongation,2023-10-03,2024-07-30
2024-04-11,191,0.6445199595117723,0.6220769230769231,1.0,0.7064570850168176,0.6743956043956044,1.0,70.64570850168175,67.43956043956044,100.0,Stem Elongation,2023-10-03,2024-07-30
2024-04-12,192,0.6460139876037769,0.625051282051282,1.0,0.7085914108625385,0.6786446886446886,1.0,70.85914108625386,67.86446886446886,100.0,Stem Elongation,2023-10-03,2024-07-30
2024-04-13,193,0.6477031637855075,0.6280256410256411,1.0,0.7110045196935821,0.682893772893773,1.0,71.10045196935822,68.2893772893773,100.0,Stem Elongation,2023-10-03,2024-07-30
2024-04-14,194,0.6495716211416644,0.631,1.0,0.7136737444880921,0.6871428571428572,1.0,71.3673744488092,68.71428571428572,100.0,Stem Elongation,2023-10-03,2024-07-30
2024-04-15,195,0.6516332930484626,0.6339743589743589,1.0,0.7166189900692324,0.6913919413919414,1.0,71.66189900692324,69.13919413919413,100.0,Stem Elongation,2023-10-03,2024-07-30
2024-04-16,196,0.65406972167978,0.636948717948718,1.0,0.7200996023996856,0.6956410256410257,1.0,72.00996023996856,69.56410256410257,100.0,Stem Elongation,2023-10-03,2024-07-30
2024-04-17,197,0.6576290389655244,0.6399230769230769,1.0,0.7251843413793205,0.6998901098901099,1.0,72.51843413793205,69.98901098901099,100.0,Stem Elongation,2023-10-03,2024-07-30
2024-04-18,198,0.6638739321015396,0.6428974358974359,1.0,0.7341056172879137,0.7041391941391941,1.0,73.41056172879136,70.41391941391942,100.0,Stem Elongation,2023-10-03,2024-07-30
2024-04-19,199,0.6738701140269974,0.6427611940298508,1.0,0.7483858771814248,0.7039445628997868,1.0,74.83858771814248,70.39445628997868,100.0,Stem Elongation,2023-10-03,2024-07-30
2024-04-20,200,0.6858405265115566,0.6410298507462687,1.0,0.7654864664450809,0.7014712153518124,1.0,76.5486466445081,70.14712153518124,100.0,Stem Elongation,2023-10-03,2024-07-30
2024-04-21,201,0.6959856807200306,0.6392985074626866,1.0,0.7799795438857581,0.698997867803838,1.0,77.9979543885758,69.8997867803838,100.0,Stem Elongation,2023-10-03,2024-07-30
2024-04-22,202,0.7024331627718083,0.6375671641791045,1.0,0.7891902325311548,0.6965245202558636,1.0,78.91902325311548,69.65245202558637,100.0,Stem Elongation,2023-10-03,2024-07-30
2024-04-23,203,0.7063825360435253,0.6358358208955224,1.0,0.7948321943478933,0.6940511727078891,1.0,79.48321943478933,69.4051172707889,100.0,Booting,2023-10-03,2024-07-30
2024-04-24,204,0.7097005334819849,0.6341044776119403,1.0,0.7995721906885499,0.6915778251599147,1.0,79.957219068855,69.15778251599147,100.0,Booting,2023-10-03,2024-07-30
2024-04-25,205,0.7131284268507033,0.6323731343283583,1.0,0.8044691812152904,0.6891044776119404,1.0,80.44691812152904,68.91044776119404,100.0,Booting,2023-10-03,2024-07-30
2024-04-26,206,0.7164943200252972,0.6306417910447761,0.9971999999999999,0.8092776000361389,0.6866311300639659,1.0,80.9277600036139,68.66311300639659,100.0,Booting,2023-10-03,2024-07-30
2024-04-27,207,0.7195739275170485,0.6289104477611941,0.9874999999999999,0.8136770393100693,0.6841577825159916,1.0,81.36770393100693,68.41577825159916,100.0,Booting,2023-10-03,2024-07-30
2024-04-28,208,0.7223947010827786,0.6271791044776119,0.9777999999999999,0.8177067158325408,0.6816844349680171,1.0,81.77067158325409,68.16844349680171,100.0,Booting,2023-10-03,2024-07-30
2024-04-29,209,0.7250581645141628,0.6254477611940299,0.9681,0.8215116635916612,0.6792110874200428,1.0,82.15116635916611,67.92110874200428,100.0,Booting,2023-10-03,2024-07-30
2024-04-30,210,0.7276115394614368,0.6237164179104479,0.9583999999999999,0.8251593420877668,0.6767377398720684,1.0,82.51593420877667,67.67377398720684,100.0,Booting,2023-10-03,2024-07-30
2024-05-01,211,0.7300582855343818,0.6219850746268657,0.9486999999999999,0.8286546936205454,0.6742643923240939,1.0,82.86546936205454,67.42643923240938,100.0,Booting,2023-10-03,2024-07-30
2024-05-02,212,0.7323884756954055,0.6202537313432837,0.939,0.8319835367077222,0.6717910447761195,1.0,83.19835367077222,67.17910447761196,100.0,Booting,2023-10-03,2024-07-30
2024-05-03,213,0.7345897484752327,0.6185223880597015,0.9292999999999999,0.8351282121074753,0.669317697228145,1.0,83.51282121074753,66.93176972281451,100.0,Heading,2023-10-03,2024-07-30
2024-05-04,214,0.7366491674676001,0.6167910447761195,0.9196,0.8380702392394288,0.6668443496801707,1.0,83.80702392394288,66.68443496801707,100.0,Heading,2023-10-03,2024-07-30
2024-05-05,215,0.7385534711890476,0.6150597014925373,0.9098999999999999,0.8407906731272108,0.6643710021321961,1.0,84.07906731272108,66.43710021321961,100.0,Heading,2023-10-03,2024-07-30
2024-05-06,216,0.7402890896034564,0.6133283582089553,0.9001999999999999,0.8432701280049377,0.6618976545842218,1.0,84.32701280049378,66.18976545842217,100.0,Heading,2023-10-03,2024-07-30
2024-05-07,217,0.7418421759748425,0.6115970149253732,0.8905,0.8454888228212035,0.6594243070362474,1.0,84.54888228212035,65.94243070362474,100.0,Heading,2023-10-03,2024-07-30
2024-05-08,218,0.743198656519881,0.6098656716417911,0.8807999999999999,0.8474266521712587,0.656950959488273,1.0,84.74266521712586,65.6950959488273,100.0,Heading,2023-10-03,2024-07-30
2024-05-09,219,0.744344300676295,0.608134328358209,0.8711,0.8490632866804214,0.6544776119402986,1.0,84.90632866804214,65.44776119402987,100.0,Heading,2023-10-03,2024-07-30
2024-05-10,220,0.745264815170093,0.6064029850746269,0.8613999999999999,0.8503783073858472,0.6520042643923241,1.0,85.03783073858472,65.2004264392324,100.0,Heading,2023-10-03,2024-07-30
2024-05-11,221,0.7459459654489108,0.6046716417910448,0.8516999999999999,0.8513513792127297,0.6495309168443497,1.0,85.13513792127297,64.95309168443497,100.0,Heading,2023-10-03,2024-07-30
2024-05-12,222,0.7463737284427414,0.6029402985074628,0.8544666666666667,0.8519624692039163,0.6470575692963754,1.0,85.19624692039163,64.70575692963753,100.0,Heading,2023-10-03,2024-07-30
2024-05-13,223,0.7465344810056845,0.6012089552238806,0.8501578947368421,0.8521921157224065,0.6445842217484009,1.0,85.21921157224065,64.4584221748401,100.0,Flowering,2023-10-03,2024-07-30
2024-05-14,224,0.7464164749075611,0.5994776119402986,0.8398421052631578,0.8520235355822302,0.6421108742004266,0.9854887218045112,85.20235355822302,64.21108742004266,98.54887218045111,Flowering,2023-10-03,2024-07-30
2024-05-15,225,0.7460192948017059,0.5977462686567164,0.8295263157894737,0.8514561354310085,0.6396375266524521,0.9707518796992481,85.14561354310085,63.96375266524521,97.07518796992481,Flowering,2023-10-03,2024-07-30
2024-05-16,226,0.7454069745537462,0.5960149253731344,0.8192105263157895,0.8505813922196374,0.6371641791044778,0.956015037593985,85.05813922196374,63.716417910447774,95.6015037593985,Flowering,2023-10-03,2024-07-30
2024-05-17,227,0.7448449926397211,0.5942835820895522,0.8088947368421052,0.8497785609138874,0.6346908315565032,0.9412781954887218,84.97785609138873,63.46908315565032,94.12781954887218,Flowering,2023-10-03,2024-07-30
2024-05-18,228,0.7447902315668264,0.5925522388059702,0.798578947368421,0.849700330809752,0.6322174840085288,0.9265413533834587,84.9700330809752,63.22174840085288,92.65413533834587,Flowering,2023-10-03,2024-07-30
2024-05-19,229,0.745128302035077,0.5908208955223881,0.7882631578947368,0.8501832886215386,0.6297441364605545,0.9118045112781954,85.01832886215385,62.97441364605545,91.18045112781954,Flowering,2023-10-03,2024-07-30
2024-05-20,230,0.7443004020399479,0.589089552238806,0.7779473684210526,0.8490005743427826,0.62727078891258,0.8970676691729323,84.90005743427827,62.727078891258,89.70676691729324,Flowering,2023-10-03,2024-07-30
2024-05-21,231,0.7409101806074603,0.587358208955224,0.7676315789473684,0.8441574008678004,0.6247974413646057,0.8823308270676692,84.41574008678005,62.47974413646057,88.23308270676692,Flowering,2023-10-03,2024-07-30
2024-05-22,232,0.7367974046433392,0.5856268656716418,0.7573157894736842,0.8382820066333417,0.6223240938166311,0.8675939849624059,83.82820066333417,62.23240938166311,86.75939849624059,Flowering,2023-10-03,2024-07-30
2024-05-23,233,0.7357237497094067,0.5838955223880598,0.747,0.836748213870581,0.6198507462686568,0.8528571428571429,83.6748213870581,61.985074626865675,85.28571428571429,Flowering,2023-10-03,2024-07-30
2024-05-24,234,0.7384590497891952,0.5821641791044776,0.7499743589743589,0.840655785413136,0.6173773987206823,0.8571062271062271,84.0655785413136,61.73773987206823,85.71062271062272,Flowering,2023-10-03,2024-07-30
2024-05-25,235,0.7422318577170556,0.5804328358208956,0.752948717948718,0.8460455110243651,0.614904051172708,0.8613553113553114,84.6045511024365,61.4904051172708,86.13553113553114,Flowering,2023-10-03,2024-07-30
2024-05-26,236,0.7446837823235609,0.5787014925373135,0.7559230769230769,0.8495482604622299,0.6124307036247336,0.8656043956043956,84.95482604622299,61.24307036247336,86.56043956043956,Flowering,2023-10-03,2024-07-30
2024-05-27,237,0.7456171469670176,0.5769701492537314,0.7588974358974359,0.850881638524311,0.609957356076759,0.8698534798534798,85.0881638524311,60.995735607675904,86.98534798534799,Flowering,2023-10-03,2024-07-30
2024-05-28,238,0.7456667778146707,0.5752388059701493,0.7618717948717948,0.8509525397352439,0.6074840085287847,0.874102564102564,85.0952539735244,60.74840085287847,87.41025641025641,Grain Filling,2023-10-03,2024-07-30
2024-05-29,239,0.7452103290741218,0.5735074626865672,0.7648461538461538,0.8503004701058883,0.6050106609808102,0.8783516483516484,85.03004701058883,60.501066098081026,87.83516483516483,Grain Filling,2023-10-03,2024-07-30
2024-05-30,240,0.7443064761661121,0.5717761194029851,0.7678205128205128,0.8490092516658745,0.6025373134328359,0.8826007326007326,84.90092516658746,60.25373134328359,88.26007326007326,Grain Filling,2023-10-03,2024-07-30
2024-05-31,241,0.7427361985332964,0.5700447761194031,0.7707948717948718,0.8467659979047092,0.6000639658848615,0.8868498168498169,84.67659979047092,60.006396588486155,88.6849816849817,Grain Filling,2023-10-03,2024-07-30
2024-06-01,242,0.7396491056237251,0.5683134328358209,0.7737692307692308,0.8423558651767502,0.597590618336887,0.8910989010989011,84.23558651767502,59.7590618336887,89.10989010989012,Grain Filling,2023-10-03,2024-07-30
2024-06-02,243,0.7332780139668315,0.5665820895522389,0.7767435897435897,0.8332543056669021,0.5951172707889126,0.8953479853479853,83.3254305666902,59.51172707889126,89.53479853479853,Grain Filling,2023-10-03,2024-07-30
2024-06-03,244,0.7222730457460625,0.5648507462686567,0.7797179487179486,0.817532922494375,0.5926439232409382,0.8995970695970695,81.75329224943751,59.26439232409382,89.95970695970695,Grain Filling,2023-10-03,2024-07-30
2024-06-04,245,0.7081993277033344,0.5631194029850747,0.7826923076923077,0.7974276110047634,0.5901705756929638,0.9038461538461539,79.74276110047634,59.017057569296384,90.38461538461539,Grain Filling,2023-10-03,2024-07-30
2024-06-05,246,0.6948349872699874,0.5613880597014926,0.7856666666666666,0.778335696099982,0.5876972281449895,0.9080952380952381,77.8335696099982,58.76972281449895,90.80952380952381,Grain Filling,2023-10-03,2024-07-30
2024-06-06,247,0.6842005793434416,0.5596567164179105,0.7886410256410257,0.7631436847763451,0.585223880597015,0.9123443223443224,76.3143684776345,58.522388059701505,91.23443223443223,Grain Filling,2023-10-03,2024-07-30
2024-06-07,248,0.675194996736183,0.5579253731343284,0.7916153846153846,0.7502785667659757,0.5827505330490407,0.9165934065934066,75.02785667659757,58.27505330490407,91.65934065934066,Grain Filling,2023-10-03,2024-07-30
2024-06-08,249,0.6652973524225962,0.5561940298507463,0.7945897435897435,0.7361390748894232,0.5802771855010661,0.9208424908424908,73.61390748894232,58.02771855010661,92.08424908424908,Grain Filling,2023-10-03,2024-07-30
2024-06-09,250,0.6524436663569079,0.5544626865671642,0.7975641025641025,0.7177766662241541,0.5778038379530918,0.925091575091575,71.77766662241541,57.78038379530918,92.5091575091575,Grain Filling,2023-10-03,2024-07-30
2024-06-10,251,0.6384211858866241,0.5527313432835821,0.8005384615384615,0.6977445512666058,0.5753304904051173,0.9293406593406593,69.77445512666058,57.53304904051173,92.93406593406594,Grain Filling,2023-10-03,2024-07-30
2024-06-11,252,0.630400836538911,0.551,0.8035128205128205,0.6862869093413014,0.572857142857143,0.9335897435897436,68.62869093413015,57.28571428571429,93.35897435897435,Grain Filling,2023-10-03,2024-07-30
2024-06-12,253,0.6330178873828611,0.5406842105263159,0.8064871794871795,0.6900255534040873,0.5581203007518798,0.9378388278388279,69.00255534040873,55.81203007518798,93.78388278388279,Grain Filling,2023-10-03,2024-07-30
2024-06-13,254,0.6414092113690171,0.5303684210526316,0.8094615384615385,0.7020131590985959,0.5433834586466165,0.9420879120879121,70.20131590985959,54.338345864661655,94.20879120879121,Grain Filling,2023-10-03,2024-07-30
2024-06-14,255,0.6482477980078745,0.5200526315789474,0.8124358974358974,0.7117825685826779,0.5286466165413535,0.9463369963369963,71.17825685826779,52.86466165413535,94.63369963369964,Grain Filling,2023-10-03,2024-07-30
2024-06-15,256,0.6515408113703162,0.5097368421052633,0.8154102564102563,0.716486873386166,0.5139097744360904,0.9505860805860805,71.6486873386166,51.390977443609046,95.05860805860806,Grain Filling,2023-10-03,2024-07-30
2024-06-16,257,0.6526793836421032,0.499421052631579,0.8183846153846154,0.7181134052030046,0.4991729323308271,0.9548351648351648,71.81134052030046,49.91729323308271,95.48351648351648,Grain Filling,2023-10-03,2024-07-30
2024-06-17,258,0.6528208883046952,0.48910526315789477,0.8213589743589743,0.7183155547209932,0.48443609022556405,0.959084249084249,71.83155547209932,48.44360902255641,95.9084249084249,Grain Filling,2023-10-03,2024-07-30
2024-06-18,259,0.6523475627798851,0.47878947368421054,0.8243333333333334,0.7176393753998359,0.4696992481203008,0.9633333333333334,71.76393753998359,46.96992481203008,96.33333333333334,Grain Filling,2023-10-03,2024-07-30
2024-06-19,260,0.651353021855628,0.4684736842105264,0.8273076923076923,0.7162186026508972,0.4549624060150377,0.9675824175824176,71.62186026508972,45.49624060150377,96.75824175824175,Grain Filling,2023-10-03,2024-07-30
2024-06-20,261,0.6498804388465688,0.45815789473684215,0.8302820512820512,0.7141149126379553,0.4402255639097746,0.9718315018315018,71.41149126379554,44.022556390977456,97.18315018315018,Grain Filling,2023-10-03,2024-07-30
2024-06-21,262,0.647964484331792,0.44784210526315793,0.8332564102564102,0.7113778347597028,0.4254887218045113,0.976080586080586,71.13778347597028,42.54887218045113,97.6080586080586,Grain Filling,2023-10-03,2024-07-30
2024-06-22,263,0.6456379280911984,0.43752631578947376,0.8362307692307692,0.7080541829874263,0.4107518796992482,0.9803296703296703,70.80541829874262,41.07518796992482,98.03296703296704,Grain Filling,2023-10-03,2024-07-30
2024-06-23,264,0.6429321283186544,0.42721052631578954,0.8392051282051282,0.7041887547409349,0.39601503759398515,0.9845787545787545,70.41887547409348,39.60150375939852,98.45787545787546,Grain Filling,2023-10-03,2024-07-30
2024-06-24,265,0.6398803217972889,0.4168947368421053,0.8421794871794872,0.6998290311389842,0.3812781954887219,0.9888278388278389,69.98290311389842,38.12781954887219,98.88278388278388,Grain Filling,2023-10-03,2024-07-30
2024-06-25,266,0.636536405584566,0.4065789473684211,0.8451538461538461,0.6950520079779515,0.3665413533834588,0.9930769230769231,69.50520079779515,36.65413533834588,99.3076923076923,Grain Filling,2023-10-03,2024-07-30
2024-06-26,267,0.6330193394178092,0.3962631578947369,0.8481282051282051,0.6900276277397275,0.35180451127819556,0.9973260073260073,69.00276277397275,35.18045112781956,99.73260073260073,Grain Filling,2023-10-03,2024-07-30
2024-06-27,268,0.6294948888802417,0.3859473684210527,0.851102564102564,0.6849926984003454,0.33706766917293246,1.0,68.49926984003454,33.706766917293244,100.0,Grain Filling,2023-10-03,2024-07-30
2024-06-28,269,0.6258954307820015,0.3756315789473685,0.8540769230769231,0.6798506154028593,0.3223308270676693,1.0,67.98506154028593,32.23308270676693,100.0,Grain Filling,2023-10-03,2024-07-30
2024-06-29,270,0.6216135648983094,0.36531578947368426,0.857051282051282,0.6737336641404421,0.3075939849624061,1.0,67.37336641404421,30.759398496240607,100.0,Grain Filling,2023-10-03,2024-07-30
2024-06-30,271,0.6159065294385796,0.3550000000000001,0.860025641025641,0.665580756340828,0.29285714285714304,1.0,66.5580756340828,29.285714285714302,100.0,Grain Filling,2023-10-03,2024-07-30
2024-07-01,272,0.6086754776823026,0.34468421052631587,0.863,0.6552506824032894,0.2781203007518798,1.0,65.52506824032895,27.812030075187984,100.0,Grain Filling,2023-10-03,2024-07-30
2024-07-02,273,0.6004272423595509,0.33436842105263165,0.8659743589743589,0.6434674890850728,0.26338345864661666,1.0,64.34674890850728,26.338345864661665,100.0,Grain Filling,2023-10-03,2024-07-30
2024-07-03,274,0.5916567486806426,0.3240526315789474,0.8689487179487179,0.630938212400918,0.24864661654135348,1.0,63.0938212400918,24.864661654135347,100.0,Grain Filling,2023-10-03,2024-07-30
2024-07-04,275,0.5825930667031314,0.3137368421052632,0.8719230769230769,0.6179900952901877,0.23390977443609032,1.0,61.79900952901877,23.39097744360903,100.0,Grain Filling,2023-10-03,2024-07-30
2024-07-05,276,0.5733076709065392,0.30342105263157904,0.8748974358974358,0.6047252441521989,0.2191729323308272,1.0,60.47252441521989,21.91729323308272,100.0,Maturity,2023-10-03,2024-07-30
2024-07-06,277,0.5638236480466972,0.2931052631578948,0.8778717948717949,0.5911766400667102,0.20443609022556403,1.0,59.11766400667102,20.4436090225564,100.0,Maturity,2023-10-03,2024-07-30
2024-07-07,278,0.5541337534079184,0.2827894736842106,0.8808461538461538,0.5773339334398834,0.18969924812030087,1.0,57.73339334398834,18.969924812030087,100.0,Maturity,2023-10-03,2024-07-30
2024-07-08,279,0.5441446542151764,0.2724736842105264,0.8838205128205128,0.5630637917359663,0.17496240601503776,1.0,56.30637917359663,17.496240601503775,100.0,Maturity,2023-10-03,2024-07-30
2024-07-09,280,0.5336033683934348,0.2621578947368422,0.8867948717948717,0.5480048119906211,0.1602255639097746,1.0,54.80048119906211,16.02255639097746,100.0,Maturity,2023-10-03,2024-07-30
2024-07-10,281,0.5222205110269864,0.251842105263158,0.8897692307692308,0.5317435871814091,0.14548872180451142,1.0,53.174358718140915,14.548872180451141,100.0,Maturity,2023-10-03,2024-07-30
2024-07-11,282,0.5100947198162252,0.2415263157894738,0.8927435897435897,0.5144210283088931,0.1307518796992483,1.0,51.44210283088931,13.075187969924832,100.0,Maturity,2023-10-03,2024-07-30
2024-07-12,283,0.4978873336570282,0.23121052631578953,0.8957179487179487,0.496981905224326,0.11601503759398506,1.0,49.6981905224326,11.601503759398506,100.0,Maturity,2023-10-03,2024-07-30
2024-07-13,284,0.4862643632510374,0.22089473684210537,0.8986923076923077,0.48037766178719626,0.10127819548872197,1.0,48.03776617871963,10.127819548872196,100.0,Maturity,2023-10-03,2024-07-30
2024-07-14,285,0.4753215407999697,0.2105789473684211,0.9016666666666666,0.464745058285671,0.08654135338345871,1.0,46.474505828567096,8.65413533834587,100.0,Maturity,2023-10-03,2024-07-30
2024-07-15,286,0.46474715560548074,0.20026315789473692,0.9046410256410256,0.44963879372211535,0.0718045112781956,1.0,44.96387937221154,7.180451127819561,100.0,Maturity,2023-10-03,2024-07-30
2024-07-16,287,0.4542621790537087,0.18994736842105275,0.9076153846153846,0.4346602557910124,0.05706766917293252,1.0,43.46602557910124,5.706766917293252,100.0,Maturity,2023-10-03,2024-07-30
2024-07-17,288,0.44375436218226105,0.17963157894736848,0.9105897435897435,0.4196490888318015,0.04233082706766926,1.0,41.96490888318015,4.233082706766926,100.0,Maturity,2023-10-03,2024-07-30
2024-07-18,289,0.4332009575844204,0.1693157894736843,0.9135641025641026,0.40457279654917205,0.027593984962406164,1.0,40.45727965491721,2.759398496240616,100.0,Maturity,2023-10-03,2024-07-30
2024-07-19,290,0.4226026385491855,0.15900000000000014,0.9165384615384615,0.3894323407845508,0.012857142857143067,1.0,38.94323407845508,1.2857142857143067,100.0,Maturity,2023-10-03,2024-07-30
2024-07-20,291,0.4119633199490824,0.14868421052631586,0.9195128205128205,0.3742333142129749,0.0,1.0,37.42333142129749,0.0,100.0,Maturity,2023-10-03,2024-07-30
2024-07-21,292,0.4012869129735122,0.1383684210526317,0.9224871794871794,0.35898130424787467,0.0,1.0,35.89813042478747,0.0,100.0,Maturity,2023-10-03,2024-07-30
2024-07-22,293,0.39057697041193795,0.12805263157894753,0.9254615384615384,0.3436813863027685,0.0,1.0,34.36813863027685,0.0,100.0,Maturity,2023-10-03,2024-07-30
2024-07-23,294,0.3798367168814958,0.11773684210526325,0.9284358974358974,0.32833816697356544,0.0,1.0,32.833816697356546,0.0,100.0,Maturity,2023-10-03,2024-07-30
2024-07-24,295,0.36906907664950983,0.10742105263157908,0.9314102564102564,0.3129558237850141,0.0,1.0,31.295582378501408,0.0,100.0,Maturity,2023-10-03,2024-07-30
2024-07-25,296,0.35827767167750213,0.0971052631578948,0.9343846153846154,0.29753953096786023,0.0,1.0,29.753953096786024,0.0,100.0,Maturity,2023-10-03,2024-07-30
2024-07-26,297,0.3474761067416385,0.08678947368421064,0.9373589743589743,0.28210872391662645,0.0,1.0,28.210872391662644,0.0,100.0,Maturity,2023-10-03,2024-07-30
2024-07-27,298,0.33674838260232376,0.07647368421052647,0.9403333333333332,0.2667834037176054,0.0,1.0,26.67834037176054,0.0,100.0,Maturity,2023-10-03,2024-07-30
2024-07-28,299,0.32647755056643396,0.0661578947368422,0.9433076923076923,0.2521107865234771,0.0,1.0,25.211078652347712,0.0,100.0,Maturity,2023-10-03,2024-07-30
2024-07-29,300,0.31777424065164794,0.055842105263158026,0.9462820512820512,0.23967748664521138,0.0,1.0,23.96774866452114,0.0,100.0,Maturity,2023-10-03,2024-07-30
2024-07-30,301,0.3125686661115968,0.04552631578947375,0.9492564102564103,0.23224095158799543,0.0,1.0,23.224095158799543,0.0,100.0,Harvest,2023-10-03,2024-07-30
